{
	"body": "font-family: Arial, sans-serif; background-color: #1e1e1e; color: #e0e0e0; margin: 0; padding: 0; display: flex; justify-content: center; align-items: center; height: 100vh; padding-top: 20px;",
	"container": "width: 80%; max-width: 800px; background-color: #2e2e2e; border-radius: 8px; padding: 20px; box-shadow: 0 0 10px rgba(0, 0, 0, 0.5);",
	"h1_h2": "color: #f1c40f; text-align: center;",
	"p": "line-height: 1.6; text-align: center;",
	"ul": "list-style-type: none; padding: 0; text-align: center;",
	"li": "margin: 10px 0; font-size: 16px;",
	"strong": "color: #e67e22;"
}